type,name,module,path,hash
"csv","bmad-help","_config","_config/bmad-help.csv","0fa7062ab6877744fb92ee5eb2ba907b7157fb51fa1de5ed66be62987f2e9363"
"yaml","manifest","_config","_config/manifest.yaml","69d115af830327e9f97f5882da4144ed6fc905352c0fae504c2b55f08523c63d"
"toml","customize","bmm","bmm/agents/bmad-agent-analyst/customize.toml","164364028991deb4d5129f0beec6336293ba0ed87fb9448fda796f8b3594da24"
"md","SKILL","bmm","bmm/agents/bmad-agent-analyst/SKILL.md","21febbe16ab8a38897cbb8354bd6b4e63fb7323eaecbda4f04833ed429db05aa"
"toml","customize","bmm","bmm/agents/bmad-agent-architect/customize.toml","43483c56fdad01c46a515c80146091956645d1d953ec58d2281f276fff8e3587"
"md","SKILL","bmm","bmm/agents/bmad-agent-architect/SKILL.md","2774ee5d14470eaa4afccebbfcfb06971c2acf57de0cbeeacff4549ca93181ee"
"toml","customize","bmm","bmm/agents/bmad-agent-dev/customize.toml","24be530e162a8c5b878bb047b355fa70a0da3967a9e92f1b22ae5e2616543630"
"md","SKILL","bmm","bmm/agents/bmad-agent-dev/SKILL.md","78a97fe5053a6a6eb2a24a52dbb578d42cbbff98a99a18c2ac19eb9af12d982c"
"toml","customize","bmm","bmm/agents/bmad-agent-pm/customize.toml","204f170d519d8e4be2d6b5220e4e2e6c7c11383f10615690ef03c72372104169"
"md","SKILL","bmm","bmm/agents/bmad-agent-pm/SKILL.md","396a85f9fe96f386a86b59826aae09f8a3e5e94aab20dd2d3c0709abd89f3093"
"toml","customize","bmm","bmm/agents/bmad-agent-ux-designer/customize.toml","ccd5ecae46e3fa97b1690f50c4cab14dd82c99bfa657e416edb7449a42b2dd9b"
"md","SKILL","bmm","bmm/agents/bmad-agent-ux-designer/SKILL.md","6ece81846ddf4a26bfab3d648182f7e494129ade93ab3fa260a0181a78e8b55b"
"yaml","config","bmm","bmm/config.yaml","27dab3cf9258776daca68b15d116183ea77a60fb8ecb3ff980eea97a8f06ca42"
"csv","module-help","bmm","bmm/module-help.csv","7d6d1246fad2c939b5c8c993166a0ac77da4b291c18eb81b89099af68364c09f"
"md","spine-template","bmm","bmm/plan/bmad-architecture/assets/spine-template.md","0bc3a5fea101644a19bc268de5f237ef92699d2399e2853cc75c15c252dc7c04"
"toml","customize","bmm","bmm/plan/bmad-architecture/customize.toml","e96f6b7b7897613db526d3af367b67e6644f8b315fdaefcae3b276d46078b7c7"
"md","headless","bmm","bmm/plan/bmad-architecture/references/headless.md","d6d0d79c3fe12c1abf2e8aac161e28d14c19646f840117efc591a45d984c70e1"
"md","reviewer-gate","bmm","bmm/plan/bmad-architecture/references/reviewer-gate.md","81657c8908699bee8fd144551fbcfcbb88fed634877b9b9c26786b56a40bbca5"
"py","lint_spine","bmm","bmm/plan/bmad-architecture/scripts/lint_spine.py","f6efaa619a533b5f29f9be3a09957c52dbfd7cc7b933ffb7419298c062a9d02d"
"py","test_lint_spine","bmm","bmm/plan/bmad-architecture/scripts/tests/test_lint_spine.py","447fd80502af80342d82f75dd7d989480ec7e2d244f95b780f43f5916626a034"
"md","SKILL","bmm","bmm/plan/bmad-architecture/SKILL.md","19bab6d951790c74e5acf449cfc1a7eaac1d0f1ccc71a5a200eed1b0a68610a3"
"toml","customize","bmm","bmm/plan/bmad-create-epics-and-stories/customize.toml","1ca9a9d83c183754e53eb16a20ebb190338ed757354a930d992e9d3288055220"
"md","SKILL","bmm","bmm/plan/bmad-create-epics-and-stories/SKILL.md","08262c42001347535d79b8df76a5f64958f1dfc0f06506b283651238c4224d8e"
"md","step-01-validate-prerequisites","bmm","bmm/plan/bmad-create-epics-and-stories/steps/step-01-validate-prerequisites.md","a161cee356f5dc478d0cfae66062f66d5d8f1d4e5d17123e66ad05223f54eb47"
"md","step-02-design-epics","bmm","bmm/plan/bmad-create-epics-and-stories/steps/step-02-design-epics.md","78e9d1618975a32070eaa582f293ecaa7c6f82164bc23fd39ac3ce4b85c9e9db"
"md","step-03-create-stories","bmm","bmm/plan/bmad-create-epics-and-stories/steps/step-03-create-stories.md","ba717ef72db102a3ff9c9f29d2719d923891fe38fc6283762663af4f3deacf82"
"md","step-04-final-validation","bmm","bmm/plan/bmad-create-epics-and-stories/steps/step-04-final-validation.md","300450ca56b41f14893a4f7652a8c6d3595c7ebdc08f4c973bed30207e32d95e"
"md","epics-template","bmm","bmm/plan/bmad-create-epics-and-stories/templates/epics-template.md","d758d8118dc83dd92196c7f154dc9f1a1b07c1b56c731d0fda91f344352abfda"
"md","SKILL","bmm","bmm/plan/bmad-document-project/SKILL.md","74b01a3ab169ca1f5ff66b83567ab1b7dbdf8856070241d25d1968e02791bbaf"
"md","SKILL","bmm","bmm/plan/bmad-generate-project-context/SKILL.md","db91bf9f3a6d8cf5f22bcd74782232b11da27cd40ee975a46623037d74c890bd"
"md","headless-schemas","bmm","bmm/plan/bmad-prd/assets/headless-schemas.md","5b733eabd3819abc0f1df9c650bddf65f5f4d28a8613898b0c9f101acf7bc8c4"
"md","prd-template","bmm","bmm/plan/bmad-prd/assets/prd-template.md","199a9f34b99477af1ee8d43775b722f4900ba5ef4a02a02a417f7d97f59fa38f"
"md","prd-validation-checklist","bmm","bmm/plan/bmad-prd/assets/prd-validation-checklist.md","7192bc5e73d0e602085b3728e9e645326cbed022220e4574d9d0a7cbd246d3ee"
"html","validation-report-template","bmm","bmm/plan/bmad-prd/assets/validation-report-template.html","e52ca6affee703ce3c7ca0abff9afa51d7c37b9803acdb5052be919348a6beaa"
"toml","customize","bmm","bmm/plan/bmad-prd/customize.toml","b8aaefd81825084ec9cd5d6b3306c520a4bbd36914ec931bfb9ff2fb9351b09d"
"md","headless","bmm","bmm/plan/bmad-prd/references/headless.md","e2e29afcae938ee826a73906e0bcd3bdf3134d087d5a4b36919958efa19e9713"
"md","validate","bmm","bmm/plan/bmad-prd/references/validate.md","ca75de62cbd92fb46959dc03f76c3604fbe71dc90940b715236b7a3a75d93a2b"
"md","SKILL","bmm","bmm/plan/bmad-prd/SKILL.md","75a2af1813a73424eaae7aeffa90d0d1cd7578574a47dc5cbf4b8ae91bcc40f1"
"md","artifact-analyzer","bmm","bmm/plan/bmad-prfaq/agents/artifact-analyzer.md","44d342a041a2143ff1e1fc19cb0debc5b7e56b92dd29a26b33834bff30249e85"
"md","web-researcher","bmm","bmm/plan/bmad-prfaq/agents/web-researcher.md","8b530a75744f72f4d189bb8634c00daeb97aec02aab2daa63df3d4814b27e3b9"
"md","prfaq-template","bmm","bmm/plan/bmad-prfaq/assets/prfaq-template.md","6d4913f8d12fcb4d48508ece462e6f102262c1da66df0ac26274a69fb747385e"
"json","bmad-manifest","bmm","bmm/plan/bmad-prfaq/bmad-manifest.json","017f6ff4c1be0c3921ea201ee683c65ef11b0d1fceb6dfb5fed9def16d1452e7"
"toml","customize","bmm","bmm/plan/bmad-prfaq/customize.toml","c7605f1a24a3f5b1a65012d53397118ad6951bcf6b6c58c40cc52aa43a1fecbf"
"md","customer-faq","bmm","bmm/plan/bmad-prfaq/references/customer-faq.md","41019fb027ebd56872c6ac666c26f475513494a807ea28883ca3b3faf273af7c"
"md","internal-faq","bmm","bmm/plan/bmad-prfaq/references/internal-faq.md","6ef930c6a945870b4dbd6f12b88e0ea51423087982f589957b604d784b091a20"
"md","press-release","bmm","bmm/plan/bmad-prfaq/references/press-release.md","bfe73d617b0b756360c7c9d187354c9bea2d47278aad3db17f3ad2296b9520f7"
"md","verdict","bmm","bmm/plan/bmad-prfaq/references/verdict.md","a4b08cc6f4ca308e2abec13d7a8ad3080773de00a4cac867fe789b01b0dc5ea1"
"md","SKILL","bmm","bmm/plan/bmad-prfaq/SKILL.md","51f325c3bfdcf3da1ac751906f98a3654f7a848a8cf18197fce10feb74a6e8cd"
"md","brief-template","bmm","bmm/plan/bmad-product-brief/assets/brief-template.md","afe1cca8293c3efc7339a9bc562bda43db84b7653cb8bf7872dcd8543afd94d8"
"toml","customize","bmm","bmm/plan/bmad-product-brief/customize.toml","4b74732a34f8807eed9bce34572e27acb52691edda3c3274f8c2bb7b96e00213"
"md","SKILL","bmm","bmm/plan/bmad-product-brief/SKILL.md","5eb7496cf182df6cc7c1f61dda3726ca1c22fc328f1a4fa6cf36ad64fa3ba13d"
"toml","customize","bmm","bmm/plan/bmad-project-context/customize.toml","71e866c4c62e206f356d519b7f64c66cea99bad3611aadc1d7048dfe46988024"
"json","cases","bmm","bmm/plan/bmad-project-context/evals/cases.json","3fd77daa6eddb47ed93cbd1f4201104c88f00e4ea874375a9e5cb71d8e65ae7a"
"yaml","context","bmm","bmm/plan/bmad-project-context/evals/files/fixture-brownfield/_bmad/context.yaml","61da4ce107582e6281b9863f7e38ac0ebb1cf712514ef2f950d5fbd73cb3788c"
"md","AGENTS","bmm","bmm/plan/bmad-project-context/evals/files/fixture-brownfield/AGENTS.md","b2cb72d638fa65b59e09cfd233fe1d39c5d54bcb18a2ea3fd1e63b368ed7d7d6"
"md","data-access","bmm","bmm/plan/bmad-project-context/evals/files/fixture-brownfield/docs/data-access.md","355e3d36e0db03bddeb0d58e384631a719600f25c82358a68fcf50aac8a69980"
"md","deploy","bmm","bmm/plan/bmad-project-context/evals/files/fixture-brownfield/docs/deploy.md","b85b1b1398e976516bd29b88a05dc61a70715bc90a2e6ffd4ec496426a402aab"
"md","money","bmm","bmm/plan/bmad-project-context/evals/files/fixture-brownfield/docs/money.md","753acd225ac3f17d3faf088ecda0fd9cbd10693b08da0355f1af46ae18fd1a8f"
"md","overview","bmm","bmm/plan/bmad-project-context/evals/files/fixture-brownfield/docs/overview.md","c561cee1e3ddc313e15bf9f51c7d3a6bd20d21db003bb4ec73f373b95cff0c3d"
"md","README","bmm","bmm/plan/bmad-project-context/evals/files/fixture-brownfield/legacy/README.md","c5d300b8ce04dfd21805c637873c55a82d9fa92240fff0361c19a45bde1d6645"
"json","package","bmm","bmm/plan/bmad-project-context/evals/files/fixture-brownfield/package.json","f5ebadf2165c3c64ef515469ba4f3771b213ddd37b411a4f01fa48c3553243de"
"md","decisions","bmm","bmm/plan/bmad-project-context/evals/files/fixture-brownfield/planning/decisions.md","853d4096a60143863931c9d303a95913a2b93053e87b4a415fbdd121566ae289"
"yaml","pnpm-lock","bmm","bmm/plan/bmad-project-context/evals/files/fixture-brownfield/pnpm-lock.yaml","b3c0d4ad1c749534e52cff00646982ecd73ee0349ce3f43eb7f8c2ec89f5faeb"
"ts","money","bmm","bmm/plan/bmad-project-context/evals/files/fixture-brownfield/src/lib/money.ts","afd8fed9a1563dad0e7d9299baff95f510ed5043b97aad1f75bc63799804df42"
"ts","orders","bmm","bmm/plan/bmad-project-context/evals/files/fixture-brownfield/src/repos/orders.ts","a7a29a466ebb66a440c408e008dbbf120a143c76940590a0679649bac72f6df2"
"ts","webhooks","bmm","bmm/plan/bmad-project-context/evals/files/fixture-brownfield/src/routes/webhooks.ts","9743e93cda3f260ee7cf85dd4212297ede837d66d702fc8dea9ad84e845deed0"
"md","spec","bmm","bmm/plan/bmad-project-context/evals/files/fixture-greenfield/spec.md","b6b97a32605e3bafd6b2438f9a75ddba3449b4b34d48068657d972429b9d0d59"
"json","package","bmm","bmm/plan/bmad-project-context/evals/files/fixture-monorepo/apps/web/package.json","e1e0d7da8cb89a6a17448f3cf0f16b533f74cf8ce81f9fb07ee5414881faa2f7"
"md","conventions","bmm","bmm/plan/bmad-project-context/evals/files/fixture-monorepo/apps/web/src/conventions.md","47930cb8197d04d0e57d97ec13dcaa83fe2d8c6caa2fe995ead363dfbe0a5117"
"json","package","bmm","bmm/plan/bmad-project-context/evals/files/fixture-monorepo/package.json","1783c70a4e1897a5371c1ca4f03a298c15f7f79c767cceae34579b6b2af343ae"
"md","README","bmm","bmm/plan/bmad-project-context/evals/files/fixture-monorepo/README.md","f745380849b548fd2df60609008c11d7a38e2d888123494b76cd3701e9a0a378"
"json","package","bmm","bmm/plan/bmad-project-context/evals/files/fixture-monorepo/services/billing/package.json","4e599bbeed6d8c19131536028a175501bbe7eb8e6010687c56e97894f147d8dd"
"ts","handlers","bmm","bmm/plan/bmad-project-context/evals/files/fixture-monorepo/services/billing/src/handlers.ts","57f63695c2992ee36b8a402bc21126a88a6f6a08ea82fecf8486731c8aa9564a"
"md",".memlog","bmm","bmm/plan/bmad-project-context/evals/files/fixture-refresh/context/.memlog.md","d5f2915cf382ff84d5066442cf0787273fe7cd349749d9c7f07ae6789d823934"
"md","index","bmm","bmm/plan/bmad-project-context/evals/files/fixture-refresh/context/index.md","4bc4686fe2dec17b7414aa7ff74d96ff60950e12bc13ff798b221d5fddd160e1"
"md","integer-cents","bmm","bmm/plan/bmad-project-context/evals/files/fixture-refresh/context/integer-cents.md","1a29de1408525cea99660c9ad1dc2338e13f7d9fd9ecd9173da76ee65584811b"
"md","kernel","bmm","bmm/plan/bmad-project-context/evals/files/fixture-refresh/context/kernel.md","9094c20b12da3eabe8ca7bce41e94d27d621b5ddb3dbfc1c47ec1b870bf61ba7"
"md","repository-pattern","bmm","bmm/plan/bmad-project-context/evals/files/fixture-refresh/context/repository-pattern.md","7292578917c97a8be4290d807d9bb41e4cbf970e878eb0e8f3b9aa18978e04f5"
"json","package","bmm","bmm/plan/bmad-project-context/evals/files/fixture-refresh/package.json","f5ebadf2165c3c64ef515469ba4f3771b213ddd37b411a4f01fa48c3553243de"
"md","decisions","bmm","bmm/plan/bmad-project-context/evals/files/fixture-refresh/planning/decisions.md","853d4096a60143863931c9d303a95913a2b93053e87b4a415fbdd121566ae289"
"ts","currency","bmm","bmm/plan/bmad-project-context/evals/files/fixture-refresh/src/lib/currency.ts","afd8fed9a1563dad0e7d9299baff95f510ed5043b97aad1f75bc63799804df42"
"ts","webhooks","bmm","bmm/plan/bmad-project-context/evals/files/fixture-refresh/src/routes/webhooks.ts","9743e93cda3f260ee7cf85dd4212297ede837d66d702fc8dea9ad84e845deed0"
"json","package","bmm","bmm/plan/bmad-project-context/evals/files/fixture-standalone/package.json","f5ebadf2165c3c64ef515469ba4f3771b213ddd37b411a4f01fa48c3553243de"
"md","decisions","bmm","bmm/plan/bmad-project-context/evals/files/fixture-standalone/planning/decisions.md","853d4096a60143863931c9d303a95913a2b93053e87b4a415fbdd121566ae289"
"ts","money","bmm","bmm/plan/bmad-project-context/evals/files/fixture-standalone/src/lib/money.ts","afd8fed9a1563dad0e7d9299baff95f510ed5043b97aad1f75bc63799804df42"
"yaml","registry","bmm","bmm/plan/bmad-project-context/evals/files/fixture-workspace/obeya/registry.yaml","d548c829f893cc2bb46baf11a4bfecf3b1474d7ba04215e1054f43a3b55f4df1"
"md","kernel","bmm","bmm/plan/bmad-project-context/evals/files/fixture-workspace/proj-a/docs/kernel.md","28c36acf23774981e768789fd8775726929af68bfe9da736b06133071f31b1f8"
"ts","client","bmm","bmm/plan/bmad-project-context/evals/files/fixture-workspace/proj-a/src/client.ts","faa4ec9fe9b0a30f0d4ad0e5f4d6342308919cb102a5a4387cc6825226c6c93e"
"md","kernel","bmm","bmm/plan/bmad-project-context/evals/files/fixture-workspace/sibling-api/docs/kernel.md","1e8732c79ddcc7434a716bd01c767e624beefcc11b44ea5f30f9e17da6d99c5b"
"md","webhook-conventions","bmm","bmm/plan/bmad-project-context/evals/files/fixture-workspace/sibling-api/docs/webhook-conventions.md","9e02abb64895d21e99ed10affc8f0549e77c00741e922c6428002f043a4eae39"
"json","triggers","bmm","bmm/plan/bmad-project-context/evals/triggers.json","5f5fa41855a14162d8076c8e6d7d038762fe166fd5d1849fd0716b15b84dcebe"
"md","bundle-contract","bmm","bmm/plan/bmad-project-context/references/bundle-contract.md","42a83dd3ee58593bb3d9f15f6647fa93f2bf956d73bd2c0797eefc399dbf7d80"
"md","interrogation-guide","bmm","bmm/plan/bmad-project-context/references/interrogation-guide.md","ef7667e9600df2138c2c27f6efa35b4f6368bdc06522323934c768edc3d65028"
"md","kernel-contract","bmm","bmm/plan/bmad-project-context/references/kernel-contract.md","efc2f5273dd1770eab53dc128664fed62138c93518328f3d6aa743406ee544cd"
"md","placement","bmm","bmm/plan/bmad-project-context/references/placement.md","5f278c164a6eeece8e02d544bd856d7790067abb060f4e51d236c73ec5c7ec55"
"py","context","bmm","bmm/plan/bmad-project-context/scripts/context.py","73b6e6933a61cd287c743f394cbe7b06e6efeb2010922c66bb53061719b7c276"
"py","test_context","bmm","bmm/plan/bmad-project-context/scripts/tests/test_context.py","fc017ff5cb503667f034f6b70bf863bf48bc764422b4d9f492d23178e9d3e5f6"
"md","SKILL","bmm","bmm/plan/bmad-project-context/SKILL.md","3891cd175ef44bd044bf5b05e73c05b1aabdd47dfa0aa42f9fd37ee36cfe7656"
"md","headless-schemas","bmm","bmm/plan/bmad-spec/assets/headless-schemas.md","4c791e19bf3dc07872c7afa874b90712c2994fb4a36c112c7ae5a13875cc074a"
"md","spec-template","bmm","bmm/plan/bmad-spec/assets/spec-template.md","16ab24daa8fd09ada371408351b44ae7b3337f45b17c46394b6dfd8ae73549ea"
"md","stories-schema","bmm","bmm/plan/bmad-spec/assets/stories-schema.md","73b58f20e674a806ef733adacc3a2a26cca1d5e3628be57b8f34bb675bb659b9"
"toml","customize","bmm","bmm/plan/bmad-spec/customize.toml","398bcab8289a5fbcbd419f88ff28d1574811e511da72beae54afdd17994e3dbe"
"md","SKILL","bmm","bmm/plan/bmad-spec/SKILL.md","d14ab9a590507802e7baf7fcfd711612e78c8bb3d135572d97512db2b49d97d6"
"toml","customize","bmm","bmm/plan/bmad-sprint-planning/customize.toml","7f6c2cfe1f26c1812546d54aa5af5fe0f2b4c74b9c2f58c9a68c86cb2f0b133c"
"md","fix-sprint-status","bmm","bmm/plan/bmad-sprint-planning/references/fix-sprint-status.md","968df189c766a41792b15821aa505815479dbcbb13726cce9f518ec4ac0d959a"
"md","generate-tracking","bmm","bmm/plan/bmad-sprint-planning/references/generate-tracking.md","8f780b91bf9c9be7081442a8bcf4a12b97077054de4508f964f297ca06c24ec6"
"md","readiness-gate","bmm","bmm/plan/bmad-sprint-planning/references/readiness-gate.md","519f558f5107412d8bdfadf885cea12c455c53e1562f7d7330ad80bee13349ec"
"md","status-view","bmm","bmm/plan/bmad-sprint-planning/references/status-view.md","71160cc3cf14cc3eaae4c1aab674e5e64690eaa8bad06446b80fcf30eea826f4"
"md","validate","bmm","bmm/plan/bmad-sprint-planning/references/validate.md","7cdd1ef0e1abe7c0a351c307dfc6b82a53a0294492809c8c34bdd236504f4d9f"
"py","sprint_plan","bmm","bmm/plan/bmad-sprint-planning/scripts/sprint_plan.py","3343f95c1f2ee38665fcea0cae2a221271208ae09be23bf9f15a6640c2dd4034"
"py","test_sprint_plan","bmm","bmm/plan/bmad-sprint-planning/scripts/tests/test_sprint_plan.py","65785a2eea28acac2767ace8ab6ecfb9c7141f3815aa2da7d3bf24438efa477f"
"md","SKILL","bmm","bmm/plan/bmad-sprint-planning/SKILL.md","14b2a29e4aa58b34ff7d9d84c87b113f7d2756322401daf22a95b05c6f646619"
"yaml","sprint-status-template","bmm","bmm/plan/bmad-sprint-planning/sprint-status-template.yaml","f88469ea84643ce6e7398c4cb69effb73315662e0d9bdc20c43f562b8977e121"
"md","color-themes","bmm","bmm/plan/bmad-ux/assets/color-themes.md","0cb1741d8f1c252c96c7035a5e63dba57622aee8e0932d0f4511a29112c81b29"
"md","design-directions","bmm","bmm/plan/bmad-ux/assets/design-directions.md","e23538ce58969028e4333727a4c4840e0aba3df6d718d6a64f613fea7c972af4"
"md","design-example-editorial","bmm","bmm/plan/bmad-ux/assets/design-example-editorial.md","ed10853ff4e43d044423fbaf5b24741db714354c3b314a5e0dc7163d556d4ff3"
"md","design-example-mobile","bmm","bmm/plan/bmad-ux/assets/design-example-mobile.md","bae5ddfe11c4b55c3134cbd567d4fc810fea389475eb3605fedd96124fe33b13"
"md","design-example-shadcn","bmm","bmm/plan/bmad-ux/assets/design-example-shadcn.md","ba189df9538b87b6fc7023be22e734c86ba97178de52e2b37a9527a9c82ebfcc"
"md","excalidraw-wireframe","bmm","bmm/plan/bmad-ux/assets/excalidraw-wireframe.md","e59663e39d4ece59ef1009ed332889be535317f5ea2f51b382747f61cdba4ca0"
"md","experience-example-mobile","bmm","bmm/plan/bmad-ux/assets/experience-example-mobile.md","55551a226425849ce317d795a78cd15103bcbc65ee7bddf92a1c6fc12c466e8b"
"md","experience-example-shadcn","bmm","bmm/plan/bmad-ux/assets/experience-example-shadcn.md","6bea729b3619cdd806005fc63c8910caf551c9367b9a00b45db277ae7f7e296f"
"md","headless-schemas","bmm","bmm/plan/bmad-ux/assets/headless-schemas.md","c446c3fa353794afa37c8b09ce6072735a5595ec63a43ee265e40adaaabafc4c"
"md","key-screens","bmm","bmm/plan/bmad-ux/assets/key-screens.md","7cbfc0dc30327b93f306023fd2897d715de1b60a876fabfdd0a7d9a7f24ad0fe"
"html","validation-report-template","bmm","bmm/plan/bmad-ux/assets/validation-report-template.html","429f4a7e5acf189409518cc6782e833dd30a89e83cd4821b89ae731bfa01c8b1"
"toml","customize","bmm","bmm/plan/bmad-ux/customize.toml","e52e75cdb93ee9b07330e6c320d6a5cd31112eccf9943b5fee4a9f1934425ec4"
"md","creative-tools","bmm","bmm/plan/bmad-ux/references/creative-tools.md","9b63ed22ad19001871113335de408713858b11206063e837e38c8b6135ce06c4"
"md","design-md-spec","bmm","bmm/plan/bmad-ux/references/design-md-spec.md","034015963ae97a0bff286ed17f8beb39fc97496a81b91fd4d446df3cf64419f0"
"md","headless","bmm","bmm/plan/bmad-ux/references/headless.md","3dad2a8a75dc3653d03bee207b4c64047f21f42d3cb8c07b6f37bb89bf88d9c6"
"md","validate","bmm","bmm/plan/bmad-ux/references/validate.md","500cd5727c43f495666ec3ea89ef061d68614cb8f7fbd3390c3c0516487adf8b"
"md","SKILL","bmm","bmm/plan/bmad-ux/SKILL.md","d77de24fff3ddbb240ede29e1eb31569f27c756c504c61a4c7b61352e2e5b38e"
"md","compile-epic-context","bmm","bmm/ship/bmad-build/compile-epic-context.md","b76743f29011226904823ccbb0eceb34479a18e2f421930e82fedc8a21798771"
"toml","customize","bmm","bmm/ship/bmad-build/customize.toml","db8eb8a1f86b85400cf06c995d61474c0606bee906de6fa03420517d9d59b678"
"md","deletion-check","bmm","bmm/ship/bmad-build/references/deletion-check.md","2690305265a71a83c46f3f35f2c972552d440447d9fc3e5ac20b5f728cd7749b"
"md","edge-case-hunter","bmm","bmm/ship/bmad-build/review-prompts/edge-case-hunter.md","6f269389190b2c1f64272f36742428f55b1b2410268d53097d652a4bec448937"
"md","verification-gap","bmm","bmm/ship/bmad-build/review-prompts/verification-gap.md","e7d4a80d1028cf1cfbddd8a94c69efae072aa8e3e80287fe94dc757b02744a78"
"md","SKILL","bmm","bmm/ship/bmad-build/SKILL.md","e7c4166970b10d27b05b37c3ab050d48de200236d441ca1bf95ffc409e0ebe91"
"md","spec-template","bmm","bmm/ship/bmad-build/spec-template.md","a311cb8ce1746b16e7b4250814493946a8dfe4eba0b1611e009123e54d4609aa"
"md","step-01-clarify-and-route","bmm","bmm/ship/bmad-build/step-01-clarify-and-route.md","74e080957c3d2a8bf0895322aad40beda9d1a26005c687de5007f9236ec4ba1a"
"md","step-02-plan","bmm","bmm/ship/bmad-build/step-02-plan.md","05b290578e2d3e509b83a2f485031303744f0d9bf3d6872ae36ceb3ed2995679"
"md","step-03-implement","bmm","bmm/ship/bmad-build/step-03-implement.md","3f3c5441363366736f94957e8e89b73f7374b60d6dd02897a51d48c5d3f6ed3c"
"md","step-04-review","bmm","bmm/ship/bmad-build/step-04-review.md","228f7a5bc1ac481df61d32510156056e9eb63a4eec14216a8891f39b38e9c383"
"md","step-05-present","bmm","bmm/ship/bmad-build/step-05-present.md","c746640cc16f45ab381830d96a5ec9171dbcb532df0ac0f551ab32082f1f8509"
"md","step-oneshot","bmm","bmm/ship/bmad-build/step-oneshot.md","e8a875f0b4947d6717903137443ee052e4c85a5b6ad8ad93cbcb1ac922b50cac"
"md","sync-sprint-status","bmm","bmm/ship/bmad-build/sync-sprint-status.md","083952c5450b8e05456f4444ea4fd5e31ad1e9e39c59f3c2d510bf21bcf96a85"
"md","workflow","bmm","bmm/ship/bmad-build/workflow.md","5a80cdbff88cc0a866b7816223835d29934ce7b3ba4f7d4038bd3053db696de1"
"md","compile-epic-context","bmm","bmm/ship/bmad-build-auto/compile-epic-context.md","e2a3520ea191af8ef9f00fa5b4d8befc2e6d1859a95edf6344c409850654f2a8"
"toml","customize","bmm","bmm/ship/bmad-build-auto/customize.toml","b909a96920b346dfe596ec3ef6e5b65eb63c1c60a32edfc402c8237603252b35"
"md","deletion-check","bmm","bmm/ship/bmad-build-auto/references/deletion-check.md","2690305265a71a83c46f3f35f2c972552d440447d9fc3e5ac20b5f728cd7749b"
"md","edge-case-hunter","bmm","bmm/ship/bmad-build-auto/review-prompts/edge-case-hunter.md","6f269389190b2c1f64272f36742428f55b1b2410268d53097d652a4bec448937"
"md","verification-gap","bmm","bmm/ship/bmad-build-auto/review-prompts/verification-gap.md","e7d4a80d1028cf1cfbddd8a94c69efae072aa8e3e80287fe94dc757b02744a78"
"md","SKILL","bmm","bmm/ship/bmad-build-auto/SKILL.md","b3215646dec5cdea8a0604e176065f3d22333cb194b5e88be69d0354d73b3ae5"
"md","spec-template","bmm","bmm/ship/bmad-build-auto/spec-template.md","a8769a87c323d9ae27162516a6be6b0de456b2be4607d6e1754e2f216d2942a8"
"md","step-01-clarify-and-route","bmm","bmm/ship/bmad-build-auto/step-01-clarify-and-route.md","68667f038b3fe08d4b6e3948322a1bb6d66043913501af8bf4f98586e72f8d91"
"md","step-02-plan","bmm","bmm/ship/bmad-build-auto/step-02-plan.md","25a3e2e9060dd307d9eed5adcdf714408fc73e9d556b0c8a7b390759c1a57fd5"
"md","step-03-implement","bmm","bmm/ship/bmad-build-auto/step-03-implement.md","5406e0eecd7d44fc7cf57794456ccece684a6b2bd49cb40b8a09209eca4fb3a5"
"md","step-04-review","bmm","bmm/ship/bmad-build-auto/step-04-review.md","791161b513c06197e11f72035dc83a7d501c7986a14d5e5e2869cba1aa234533"
"md","workflow","bmm","bmm/ship/bmad-build-auto/workflow.md","910fbdcb1227e01f64d6c0dfc607978584c4ae83dc269a68b72589d788f2f625"
"toml","customize","bmm","bmm/ship/bmad-checkpoint-preview/customize.toml","d6759284a9b42a82e7c9fe84823f73f0ce4c417b8a2398e52aea5aad5b078b08"
"md","generate-trail","bmm","bmm/ship/bmad-checkpoint-preview/generate-trail.md","22f0871297d7a79a6418e095067f1eb5fb64e912c06a2c74630b5daff2619c2c"
"md","SKILL","bmm","bmm/ship/bmad-checkpoint-preview/SKILL.md","fbf9d98aa826a2ddf5dbb96eb1cd4e2e943f31b416c7f37f86b3937c8e9c72df"
"md","step-01-orientation","bmm","bmm/ship/bmad-checkpoint-preview/step-01-orientation.md","b0db21dcc9fab52326125816fd5acbd2e000690c441556e4d27edd92d94b0cda"
"md","step-02-walkthrough","bmm","bmm/ship/bmad-checkpoint-preview/step-02-walkthrough.md","e6b4d15f860a43133ab4300dd3eb3cc349617918a1731a38e0278a9fb7122566"
"md","step-03-detail-pass","bmm","bmm/ship/bmad-checkpoint-preview/step-03-detail-pass.md","a600082776e0b6badace8ef9a4e5b06ba357db34537fffb92a163db9c4c90736"
"md","step-04-testing","bmm","bmm/ship/bmad-checkpoint-preview/step-04-testing.md","f48f6549ce52bdf7e5193f74f3b122305ebb36b16fc24d3fc688aa625e12b0cd"
"md","step-05-wrapup","bmm","bmm/ship/bmad-checkpoint-preview/step-05-wrapup.md","8c9972d1d5fe2ed811bd86e5f158980bc1059e0e4b662c973ee59cb11cd9f8fd"
"toml","customize","bmm","bmm/ship/bmad-code-review/customize.toml","4fee10004d1b91f5374450cc35cb6b5d1be320ecca01bd688913477fd6a2be0c"
"md","deletion-check","bmm","bmm/ship/bmad-code-review/references/deletion-check.md","2690305265a71a83c46f3f35f2c972552d440447d9fc3e5ac20b5f728cd7749b"
"md","edge-case-hunter","bmm","bmm/ship/bmad-code-review/review-prompts/edge-case-hunter.md","6f269389190b2c1f64272f36742428f55b1b2410268d53097d652a4bec448937"
"md","verification-gap","bmm","bmm/ship/bmad-code-review/review-prompts/verification-gap.md","e7d4a80d1028cf1cfbddd8a94c69efae072aa8e3e80287fe94dc757b02744a78"
"md","SKILL","bmm","bmm/ship/bmad-code-review/SKILL.md","ad319b504d68194df8530e9cbf16a3662ee6b8d86cc717967effa8fa08dd726f"
"md","step-01-gather-context","bmm","bmm/ship/bmad-code-review/steps/step-01-gather-context.md","5c823c90868847ba6ad6d525b593ed1e3b290637e369bfbf968d839ff3c02f70"
"md","step-02-review","bmm","bmm/ship/bmad-code-review/steps/step-02-review.md","851782851dbfcd9184bcb0ca8a52e8fae8631560a21e1c7acb9d3f303c790c4c"
"md","step-03-triage","bmm","bmm/ship/bmad-code-review/steps/step-03-triage.md","8e0299034e8a3750cbd803d32cb59b944cc5c4956d437d2e6cfa6ef9d2806018"
"md","step-04-present","bmm","bmm/ship/bmad-code-review/steps/step-04-present.md","d3422a4f8e46cc4f49859b95b14464212ef55dfc583bd876126dd82e035f9d23"
"md","checklist","bmm","bmm/ship/bmad-correct-course/checklist.md","93b788cba72feb78f46c69590b985bedc623fe0f873d928012f75f9e083d8327"
"toml","customize","bmm","bmm/ship/bmad-correct-course/customize.toml","81274521d39a2107c377d8c628db565f584d62fbf5493e506a7bdfd53207f37a"
"md","SKILL","bmm","bmm/ship/bmad-correct-course/SKILL.md","4362c6e5a96b408bc2d847399ef188c9b31fd768a22340c78fd54ed1a6346924"
"md","checklist","bmm","bmm/ship/bmad-qa-generate-e2e-tests/checklist.md","3be8258747d56c98605844cdeaa975be096093f13593de2c9fb0131d1a1c40ca"
"toml","customize","bmm","bmm/ship/bmad-qa-generate-e2e-tests/customize.toml","2ccfed324d4ce44ab0488d84e4efd36b436f44d94329913d9025ac0a0f8f90f5"
"md","SKILL","bmm","bmm/ship/bmad-qa-generate-e2e-tests/SKILL.md","21ec2a16a79d9c284cc282fd5a102487d859d189e5a5ede58ecfe36626752b3b"
"toml","customize","bmm","bmm/ship/bmad-retrospective/customize.toml","30ea0ba7cd482222fce833d3da0bac71b1f25808e9038e0a1774254f0308ce7d"
"md","acceptance-verdict","bmm","bmm/ship/bmad-retrospective/references/acceptance-verdict.md","4b359998f770f16fe3d705a9c536932f08513db6209c97b9332bfc96680a82bd"
"md","aggregate-views","bmm","bmm/ship/bmad-retrospective/references/aggregate-views.md","3c31f48adeaa73b22a7c4385f9d0cea096269d15806d19ea4b209c0c25f093b4"
"md","evidence-gathering","bmm","bmm/ship/bmad-retrospective/references/evidence-gathering.md","95d72ee37fe2616ada600f155a291f293decd517401871801ff701c2a8acb160"
"md","retro-document","bmm","bmm/ship/bmad-retrospective/references/retro-document.md","dd4c11cad79369fff0b8ed5bfa8901c7b21cb60291ef125f7673f01fec93d322"
"md","team-discussion","bmm","bmm/ship/bmad-retrospective/references/team-discussion.md","b6f0ef1fcf59e4774143383abbd102a0f21ab2c6e537c37c0ae36808070c2c3b"
"py","git_evidence","bmm","bmm/ship/bmad-retrospective/scripts/git_evidence.py","80f77e8bc59814619e42932424451963e56381b54786bf19de5f9e169483bb00"
"py","sprint_status","bmm","bmm/ship/bmad-retrospective/scripts/sprint_status.py","39c8a373a14718e9a0390bd776b181142a2d14105e21acb96155cdbb770f6dda"
"yaml","sprint-status-template","bmm","bmm/ship/bmad-retrospective/scripts/tests/fixtures/sprint-status-template.yaml","f88469ea84643ce6e7398c4cb69effb73315662e0d9bdc20c43f562b8977e121"
"py","test_git_evidence","bmm","bmm/ship/bmad-retrospective/scripts/tests/test_git_evidence.py","b3b318dca7a400e137ee8169eb870afdadabc8f941a7d5afa243df11da3dd42e"
"py","test_sprint_status","bmm","bmm/ship/bmad-retrospective/scripts/tests/test_sprint_status.py","9745e72080a4eff9a44f5c2bee5f1f8ca021b44c4fbd77d109c5b6f85a74b2c2"
"md","SKILL","bmm","bmm/ship/bmad-retrospective/SKILL.md","cafbde7cba1e6271c25931a4dc210c3a4c87b9055847e616146aaeac7b0cf3bc"
"toml","customize","bmm","bmm/v6-shims/bmad-create-architecture/customize.toml","f2373d99329b4e88a83c47c2f6930368b7d26a48696b89128605ed3b50e3810a"
"md","SKILL","bmm","bmm/v6-shims/bmad-create-architecture/SKILL.md","cf752fc195dfbe8f5805589cb123189ac4514c124884519d46a4a9176fcab8ab"
"toml","customize","bmm","bmm/v6-shims/bmad-create-prd/customize.toml","192469c6300b8c089312b87bfa943d3c865244bdb268366264367226d82fd287"
"md","SKILL","bmm","bmm/v6-shims/bmad-create-prd/SKILL.md","dc6ebc8d1ba9526b3657b954e7e862e35bbe64a5a88d06798620718ab001a534"
"md","checklist","bmm","bmm/v6-shims/bmad-create-story/checklist.md","857eca22066cd80f2116cdef29a894113d0772de97df230fc269fddb2d25a1c7"
"toml","customize","bmm","bmm/v6-shims/bmad-create-story/customize.toml","f9901294c67dcba04c35b7e8d1b3bce71ebb1bd87b071153ef35bbbf867b5a58"
"md","discover-inputs","bmm","bmm/v6-shims/bmad-create-story/discover-inputs.md","19c9b1d6635fc013c8ce62c266cb72314206beb832e397b9b6c17c94df697ac1"
"md","SKILL","bmm","bmm/v6-shims/bmad-create-story/SKILL.md","26a1c489caf49c32dc620d9caf1b2e8ab0e02ebdb31a4ed52a91e60e1d66b80b"
"md","template","bmm","bmm/v6-shims/bmad-create-story/template.md","31c35d74f9c84250b0b3574ca02c3041b243342e365e1c190a2d27b9971e9aab"
"md","SKILL","bmm","bmm/v6-shims/bmad-dev-auto/SKILL.md","4d9a67e5bdaacb32aa128b3a972af6edd0f56bf6ea07b9cc37e457e9e7e6dda0"
"md","checklist","bmm","bmm/v6-shims/bmad-dev-story/checklist.md","277b5b2157d37162ed6eb1b4cdfe08bb4100fe719994a8ac8d019339a458995b"
"toml","customize","bmm","bmm/v6-shims/bmad-dev-story/customize.toml","d24271c04a2e096e5c583fd7cf21c8f0a9e565862db27666adb1016758487a5d"
"md","SKILL","bmm","bmm/v6-shims/bmad-dev-story/SKILL.md","8830d8f384ac30b985d1ba3f8ef7c506b2b8c8ef5826be462dfe82690abc7862"
"md","SKILL","bmm","bmm/v6-shims/bmad-domain-research/SKILL.md","427bcb76828ea074bfbd357a4e3f18552e307484bfca16b627e6e1ca1b32743b"
"toml","customize","bmm","bmm/v6-shims/bmad-edit-prd/customize.toml","b423dd3d6f84236ae2bb56a4a084af79722a4ac438015e1af3675961851b7028"
"md","SKILL","bmm","bmm/v6-shims/bmad-edit-prd/SKILL.md","cc6a64f2617c38a8f4fe9db2b88956bbc123449de5bb69b954ef2d063372c65b"
"md","SKILL","bmm","bmm/v6-shims/bmad-market-research/SKILL.md","a5611f7ab6428a02a3ace74178c90d36d66882a61108cc9afd195b3092e76373"
"md","SKILL","bmm","bmm/v6-shims/bmad-quick-dev/SKILL.md","73fe2a94cf340d91a391172804fccb8ae5ba2012eb451fc0efcaef9a648caee5"
"toml","customize","bmm","bmm/v6-shims/bmad-sprint-status/customize.toml","33bcb55e2e66bfa21b369605e6fc61003566763540d7583b50184ee6a09590fd"
"md","SKILL","bmm","bmm/v6-shims/bmad-sprint-status/SKILL.md","6b1a5d5c7697a269e11bc04a9a25a16220f157b5e5d31c0e99915bb2be024fb4"
"md","SKILL","bmm","bmm/v6-shims/bmad-technical-research/SKILL.md","38b84830573825f82369664c46b79308c91b479462a375cc3a72e30f55677601"
"toml","customize","bmm","bmm/v6-shims/bmad-validate-prd/customize.toml","28d83b50ff91bc5882184d8dca311ee7ccfe3324e9e4da23c111e445721f9174"
"md","SKILL","bmm","bmm/v6-shims/bmad-validate-prd/SKILL.md","539fa91613e6ed1ffd8acfdbbfb6e8bbbcc378f1c966d1aee8cdbf9a7cfd4d6a"
"md","README","bmm","bmm/v6-shims/README.md","4baf2e917a4e34f43d07a4100b45f70dd81a570afef6eacf3317d393429ad2d4"
"toml","config","config","config.toml","3aeb94d461323be678684b58e34c4aa1f04267849a77386813e0612949638507"
"csv","methods","core","core/bmad-advanced-elicitation/assets/methods.csv","c5647754013ce04b5f225c6083bf49d4418f5fbd3b5ebc818e6323ddbffb863f"
"toml","customize","core","core/bmad-advanced-elicitation/customize.toml","480798b227f1316850e5f4bae41d01bda6b7ac83f9f904d0ce3f43ee6cd9b11e"
"py","pick_methods","core","core/bmad-advanced-elicitation/scripts/pick_methods.py","dceec5d895a03fe031ad846c1b6387b39a4f4eae155ebb520c3a3482179b9510"
"py","test_pick_methods","core","core/bmad-advanced-elicitation/scripts/tests/test_pick_methods.py","97e3fe6fc8c64b7f62da10a66c0719487d3703df66314e455257a684d3fb98a2"
"md","SKILL","core","core/bmad-advanced-elicitation/SKILL.md","06f590fe63e08c1c791560f1bf0e5eea706936768e1cc824f1e929cd08a97c9d"
"json","brain-icons","core","core/bmad-brainstorming/assets/brain-icons.json","8db86ceac6b7056f2bccd896e96b90118bafc6a2ff4b65f1f924bf7a880c056a"
"csv","brain-methods","core","core/bmad-brainstorming/assets/brain-methods.csv","fff112eabca1a9cb8b190f8314bc47678becc5782a2372e11c83daa0e33b6dfd"
"html","brain-selector","core","core/bmad-brainstorming/assets/brain-selector.html","c8bb63bb645d6235ade3e56d0e929654e06ab63e53df91b8092ff602d8ea25e3"
"toml","customize","core","core/bmad-brainstorming/customize.toml","a10312d17fb4f1c6952e72daf6246e7d7e8ca8c579c5d5c41fee6ac04d4d90d7"
"md","converge","core","core/bmad-brainstorming/references/converge.md","6ef99538200d99963671807bac2a561bc1647a046ebc3cd623e9f85d43cbcab4"
"md","finalize","core","core/bmad-brainstorming/references/finalize.md","b9b3bd3ab3e0c35b4e4a8018d302f06e6fe287f949bb0a0e60f09a862300d9e1"
"md","headless","core","core/bmad-brainstorming/references/headless.md","9e4d4c0e94e9b369c0742bd412e424a85de6a559cb564a2bf598aaa66ecde08e"
"md","in-chat-techniques","core","core/bmad-brainstorming/references/in-chat-techniques.md","72949cdf391da5775c9a5b5fd65a2a0a042af3c3fd170e56a13b54b91e356be5"
"md","mode-autonomous","core","core/bmad-brainstorming/references/mode-autonomous.md","bdbb452efa92d49471aafbaa72301d90fa73fe4876e1be6ef28dd13a4d5fffb1"
"md","mode-facilitator","core","core/bmad-brainstorming/references/mode-facilitator.md","ff400f1fe59e34935c30f75f359a1d7aed12c9e85fb2aca1054c8d89c4f7328d"
"md","mode-partner","core","core/bmad-brainstorming/references/mode-partner.md","e301d09f48b41a532482dbfc8468f963bc1579cf4a4440ea03249a4694ec7efa"
"md","resume","core","core/bmad-brainstorming/references/resume.md","573393e71054c6fb1e118856b7a48a5baa0b8a5fc14d5820fa4d889cbc15d9bd"
"py","brain","core","core/bmad-brainstorming/scripts/brain.py","4fb0abb2b7ee6bbc0847c8b458ad0b8520beec7fadce74d28e834e9de4db1a53"
"py","test_brain","core","core/bmad-brainstorming/scripts/tests/test_brain.py","aa0d3f99fe5cc6a806f349cf7bc1d183e2375596babd00ba6eb6b7c39f3948a8"
"md","SKILL","core","core/bmad-brainstorming/SKILL.md","0645afc87d2bbbe11ae86b2959b5e0b4b0fc6ad4e882e04005945f8b76fbe211"
"py","list_customizable_skills","core","core/bmad-customize/scripts/list_customizable_skills.py","3b3d389151d41f199279d7226fdf0c00fbdf96f546f6a25842e6f3f357009648"
"py","test_list_customizable_skills","core","core/bmad-customize/scripts/tests/test_list_customizable_skills.py","b62a3f195d4d08929a29a38bf656f0fc3d48923bdbd278683a79149e4952ff39"
"md","SKILL","core","core/bmad-customize/SKILL.md","d00b28dd0aa4958a9c6528ce5f3792dca8f918084ec8e9a1fda32e5663814125"
"md","research.template","core","core/bmad-deep-recon/assets/research.template.md","e70f1881dd4e0f8606c74180ef824142b7c98f94c0581f9ce925772a529c2aa8"
"toml","customize","core","core/bmad-deep-recon/customize.toml","c51dc489bdd7f407ed1f9025ac4e3b1287ede7cc745b9b25ab153a80399c49b0"
"md","draft","core","core/bmad-deep-recon/references/draft.md","9f9588aeb77f0021501951bf43cf84da59ede633e32cfb70740e1968792c7f50"
"md","finalize","core","core/bmad-deep-recon/references/finalize.md","5d37b2684e9ddf1c621fce1d8357e84fa7a72b273de63d936bb622e8d82b9a1f"
"md","html-briefing","core","core/bmad-deep-recon/references/html-briefing.md","c4e90f5ba06c53a8ca741c5873bb263298c5680f79d999af38a5d1105a11ab09"
"md","lifecycle","core","core/bmad-deep-recon/references/lifecycle.md","e2da93fd0bb5063d88e5ee0bde14ae62fbeafb41d59f24f0aa5cb33a7839ae30"
"md","process","core","core/bmad-deep-recon/references/process.md","eb8a6ddd7f5a96ba9658345630309fb11c3ce0f01556c8f44d0c0cbc0d9c9731"
"md","run","core","core/bmad-deep-recon/references/run.md","1e8763845b44ad76a4493e63dd2493f39c810e741a298e4fa6692e3dd8de045d"
"md","selection","core","core/bmad-deep-recon/references/selection.md","4927638720201571521bdbb1e3ef71eb892f00bedb7a6fca4c870177110bddff"
"md","synthesis","core","core/bmad-deep-recon/references/synthesis.md","0313cdb67a1caf3c04027382a7bb91b95418ddd59f1d8e3d6a8837800431228e"
"md","verification","core","core/bmad-deep-recon/references/verification.md","06a7c812cd5a983b377a24561b2189de5ca7424ead312696927b5b7a49992290"
"py","recon_kit","core","core/bmad-deep-recon/scripts/recon_kit.py","6297b6de20f39c42da06698ac694cb173780fa8b0867b49d9241359ecca857ac"
"py","test_recon_kit","core","core/bmad-deep-recon/scripts/tests/test_recon_kit.py","62ed9c0ddead7076935767d9093fcb2a7534016ab1a1ed5ff634cf4cfbacc4c0"
"md","SKILL","core","core/bmad-deep-recon/SKILL.md","8aa4a76b65be246668c70a925afec8b7f2232699cead600f258e83658672e2e1"
"md","academic-lit","core","core/bmad-deep-recon/types/academic-lit.md","50a9b43b76eeb3ebc61b8586840227294723f605b0ee3f705b7d520228144834"
"md","competitive","core","core/bmad-deep-recon/types/competitive.md","519749aea0145ef47a6312d44957ee29c7945c2433a54db108d8af62419293a9"
"md","domain","core","core/bmad-deep-recon/types/domain.md","ffc3a8e2254a2f87d34dee5f5df65e3933a8ebe8923bd33ecf5a8b4dd358ae2f"
"md","market","core","core/bmad-deep-recon/types/market.md","d19f819b4e31e5ec947656666e2af91f6d1ab34d30c0ec19594a7c2928c6bf1e"
"md","technical","core","core/bmad-deep-recon/types/technical.md","75cc8040ef5d6dda816b734b024606e49a09805807c3c238f0e41bbdb71fb6e6"
"md","user-voice","core","core/bmad-deep-recon/types/user-voice.md","ed70726ae6aeb1c721c09caf6a43b05893bd423d1e01a53724b96cfc25c4e88e"
"toml","customize","core","core/bmad-forge-idea/customize.toml","650ca29987aad58b62cfad0450daa377dcd997a46f149373a096eb6c106dd591"
"py","resolve_personas","core","core/bmad-forge-idea/scripts/resolve_personas.py","dbafc4ec40dc31ad80a587b31b4303210b0fbde6b7e576ffe500399c2f5748ea"
"py","test_resolve_personas","core","core/bmad-forge-idea/scripts/tests/test_resolve_personas.py","6e127d41292e776f006f67b8b6495cd14f8bbb15ec589464264f2c49d384e436"
"md","SKILL","core","core/bmad-forge-idea/SKILL.md","8dbff8152894e261610b15cff5c7d288238df0ddc721042d69d2d0765fa0aeb3"
"md","SKILL","core","core/bmad-help/SKILL.md","4eead08f8ab7516f47acbec57354b16c96c0b8fdb75f23e0a70eb0b0ba40ed05"
"toml","customize","core","core/bmad-party-mode/customize.toml","f48b70787a78764a465b37b69788a91c4a437ade0b32ac0200dd4d4a575acbba"
"md","create-party","core","core/bmad-party-mode/references/create-party.md","262c4fec49ea2557b93ee2184e5452393e700e485102e043174be032f5ce5c1e"
"md","mode-agent-team","core","core/bmad-party-mode/references/mode-agent-team.md","586f9489a7a9ae83e3dd4b7928afcd25195b07ab51364173504494ec1bd0063d"
"md","mode-auto","core","core/bmad-party-mode/references/mode-auto.md","d1fec74ca09616eb60186bcc1dc51896f224a67fc200115de3757c365f19de35"
"md","mode-subagent","core","core/bmad-party-mode/references/mode-subagent.md","e5adb51b3562f8cc5b40874fff95fba57cce2935755995accba1b8bfa0f77321"
"md","party-memory","core","core/bmad-party-mode/references/party-memory.md","08ea2b1ad7a4ff3b52daafa3d8ecf37fc9a269e440df0430d508dfa23ecbe397"
"py","resolve_party","core","core/bmad-party-mode/scripts/resolve_party.py","a1736f948dc3829daf0094f1eb63ad2001b6a1543fb7c329d82e4ae7ffb32465"
"py","test_resolve_party","core","core/bmad-party-mode/scripts/tests/test_resolve_party.py","0a84fd60fe3fb3ed8384fbdbbab5f35ad8e97af278d3129b01eb39775e04153d"
"md","SKILL","core","core/bmad-party-mode/SKILL.md","05b36a5d6a4f5b25f4fb79074789c63fcce747eced3686f55c55f7b84bf35895"
"toml","customize","core","core/bmad-review/customize.toml","087a427ee56bca5465d90a8ae838322b3c230fd66e241b0ff918153811f7470a"
"md","editorial-common","core","core/bmad-review/references/editorial-common.md","86a487365b3ae646afa09c70f329fd50210ca3737873cb62c19c9992bf4b7815"
"md","lens-adversarial","core","core/bmad-review/references/lens-adversarial.md","f04181ba5958d3b52acd49d0f762085e887e72722857346b192ff1f275a03a06"
"md","lens-edge-case-hunter","core","core/bmad-review/references/lens-edge-case-hunter.md","4e9432566cf9df30115cb1cfbede9c2a3f1b73aee5aa51d96e06ab7cd113a6ab"
"md","lens-prose","core","core/bmad-review/references/lens-prose.md","5d54b690479664f83cf322067fc850bc0a54c7ba75f92d302075044516b8ba36"
"md","lens-structure","core","core/bmad-review/references/lens-structure.md","691227f4afb66d2e8fbab5db2fc72fc688c1dbac179f1a6ced4d9dd83af2a93a"
"md","lens-verification-gap","core","core/bmad-review/references/lens-verification-gap.md","74f727667eb16d0f666552d0df6b5ed769b40be70a1174b4917c5fc97ffef95d"
"md","structure-models","core","core/bmad-review/references/structure-models.md","d2b1cdc902d13c21d9fc6670f272bbf4add0bc00346d599e87e7e2f435c3ddac"
"py","test_word_metrics","core","core/bmad-review/scripts/tests/test_word_metrics.py","832c4303afe6acaffd972c74fa12b2bdfb575676d2f211c02c7ba0593f5f2346"
"py","word_metrics","core","core/bmad-review/scripts/word_metrics.py","e31891107705ffda96029a83309c30f3a9018c0d5ffba8099281e07e4968afec"
"md","SKILL","core","core/bmad-review/SKILL.md","e791d7810c9726dd4faa6291f421475d5c847935e4d78b6bd0f135d93e771e13"
"yaml","config","core","core/config.yaml","dd73692de606dd49c0fef96cde1c913ae3abd8ebb32652f44d664c1ae39c9c5a"
"csv","module-help","core","core/module-help.csv","8057cf9b98a808e5c37a3ed390c26e5970e70057db5c4449b9ee4eb90b30080a"
"toml","customize","core","core/v6-shims/bmad-editorial-review/customize.toml","5f9958c480846a7716eb75cdcd62faef63b21e45e215b9ee4846809764430f45"
"md","SKILL","core","core/v6-shims/bmad-editorial-review/SKILL.md","71cbc702143ab0f04d5ab89e182b373e96b59188589a72c44477f8587e6b09a0"
"md","SKILL","core","core/v6-shims/bmad-editorial-review-prose/SKILL.md","f0cb53a8a3c7a341acd838da9097bc03e87109c17541b5aee61785769ce5c1c2"
"md","SKILL","core","core/v6-shims/bmad-editorial-review-structure/SKILL.md","f3df253ee7b9e34b336bfe6c76fe3930a671d9da551bae59529b4298d39ebbeb"
"md","SKILL","core","core/v6-shims/bmad-review-adversarial-general/SKILL.md","2f7de8b22bd7046a29bb10b637c51962f9c1134503b15ca6759af3c698f36ea9"
"md","SKILL","core","core/v6-shims/bmad-review-edge-case-hunter/SKILL.md","84c8d6a6f6fc4f917b8d9ceb432dd1b74f7d8974805dfe93c89a80c1ec8802db"
"md","SKILL","core","core/v6-shims/bmad-review-verification-gap/SKILL.md","993541b53a72b7d592b3daff6c0acbbfce1a702288782819cbc935a35929eb32"
"md","README","core","core/v6-shims/README.md","bf29838e2cdb98900af4bcd1013315fead122747c53e8f4fd33cd64566e3665e"
"toml","bmad-build","custom","custom/bmad-build.toml","2610e9ec805209bb5264816fa0b40969d4f6a327feb7e631ff185e5f384f9b55"
"toml","bmad-product-brief","custom","custom/bmad-product-brief.toml","0c06bdb9f0e26620dd6bae21d060704851998d15d6d0d30fb88e1bd052e63ce8"
"toml","config","custom","custom/config.toml","e7069ee3d3965f4c0d20fe4000786cecd72ed2f78dfbc90a9a225f537a7400f3"
"py","config_utils","scripts","scripts/config_utils.py","adc773c4dc4a68b63b254e71f4aba2e6776a385e742202c8ee2eea622edcc24b"
"py","context","scripts","scripts/context.py","73b6e6933a61cd287c743f394cbe7b06e6efeb2010922c66bb53061719b7c276"
"py","memlog","scripts","scripts/memlog.py","bfc2db87fb36aa6a7353d31d9b08cf040c337f2771b5ca45333807876880179c"
"py","render_skill","scripts","scripts/render_skill.py","b7beeeb6b6886b5452b14ef04fe4b866da44dd4100baa93f92d2d023a9ab4672"
"py","resolve_config","scripts","scripts/resolve_config.py","78689106278d18b882f8513b327ed0eb25ea4416062dbfb53ebe18ad44d2e866"
"py","resolve_customization","scripts","scripts/resolve_customization.py","e24b54fc7b9361560a93f4893bb63663426dabf6f5aed3a56c29d157098d76dd"
